customer_id,gender,age,relationship_status,state,number_of_referrals,tenure_in_months,value_deal,voice_assistance,dual_connectivity,data_service,data_plan,cyber_protection,data_backup,gadget_protection,vip_support,video_streaming,cinema_streaming,audio_streaming,unlimited_data,service_commitment,digital_invoicing,payment_method,monthly_charge,total_charges,total_refunds,total_extra_data_charges,total_long_distance_charges,total_revenue,customer_status,churn_category,churn_reason,Customer_Status_Predicted
CUS-00018-US,Male,71,Single,Ohio,14,19,Deal 5,Active,Active,Active,Fiber Optic,Inactive,Inactive,Inactive,Inactive,Inactive,Inactive,Inactive,Active,One Year,Active,Bank Withdrawal,68,70,0,0,8,85,Joined,Others,Others,1
CUS-00024-US,Male,19,Single,Illinois,9,7,,Active,Inactive,Inactive,,No,No,No,No,No,No,No,No,Month-to-Month,Inactive,Credit Card,20,63,0,0,9,61,Joined,Others,Others,1
CUS-00049-US,Male,51,Single,Massachusetts,13,13,Deal 5,Active,Inactive,Active,DSL,Inactive,Inactive,Inactive,Inactive,Inactive,Inactive,Inactive,Active,Month-to-Month,Active,Credit Card,47,44,0,0,39,88,Joined,Others,Others,1
CUS-00099-US,Female,62,Married,Washington,10,18,,Active,Inactive,Inactive,,No,No,No,No,No,No,No,No,Month-to-Month,Inactive,Credit Card,19,55,0,0,8,68,Joined,Others,Others,1
CUS-00105-US,Female,29,Married,Michigan,5,5,,Active,Inactive,Inactive,,No,No,No,No,No,No,No,No,Month-to-Month,Inactive,Credit Card,19,33,0,0,4,39,Joined,Others,Others,1
CUS-00132-US,Female,77,Single,Tennessee,2,11,Deal 5,Active,Inactive,Active,Cable,Inactive,Inactive,Inactive,Inactive,Inactive,Inactive,Inactive,Active,One Year,Active,Bank Withdrawal,41,82,0,0,43,145,Joined,Others,Others,1
CUS-00133-US,Female,44,Married,Florida,6,33,Deal 5,Active,Inactive,Active,Fiber Optic,Inactive,Active,Inactive,Inactive,Inactive,Active,Active,Active,Month-to-Month,Inactive,Bank Withdrawal,84,231,0,0,43,299,Joined,Others,Others,1
CUS-00147-US,Female,33,Single,California,2,4,,Active,Inactive,Inactive,,No,No,No,No,No,No,No,No,Month-to-Month,Inactive,Credit Card,21,21,0,0,33,58,Joined,Others,Others,1
CUS-00148-US,Female,22,Married,Wisconsin,6,3,,Active,Active,Active,Cable,Inactive,Inactive,Inactive,Inactive,Inactive,Inactive,Inactive,Active,Month-to-Month,Active,Bank Withdrawal,48,49,0,0,29,78,Joined,Others,Others,1
CUS-00157-US,Female,29,Single,Wisconsin,2,19,,Active,Inactive,Active,Fiber Optic,Inactive,Active,Active,Inactive,Inactive,Active,Active,Active,Month-to-Month,Inactive,Bank Withdrawal,90,294,0,0,103,372,Joined,Others,Others,1
CUS-00202-US,Female,27,Single,Maryland,9,8,Deal 5,Active,Inactive,Active,DSL,Inactive,Active,Inactive,Inactive,Active,Inactive,Inactive,Active,Month-to-Month,Active,Credit Card,61,167,0,0,37,195,Joined,Others,Others,1
CUS-00237-US,Female,38,Married,California,5,14,,Active,Inactive,Inactive,,No,No,No,No,No,No,No,No,Month-to-Month,Inactive,Credit Card,18,46,0,0,87,141,Joined,Others,Others,1
CUS-00240-US,Female,68,Married,North Carolina,9,21,Deal 5,Active,Inactive,Active,DSL,Active,Inactive,Inactive,Inactive,Inactive,Inactive,Inactive,Inactive,Month-to-Month,Inactive,Bank Withdrawal,49,53,0,51,41,131,Joined,Others,Others,1
CUS-00242-US,Female,55,Married,Georgia,16,9,,Active,Inactive,Active,Cable,Inactive,Inactive,Inactive,Inactive,Inactive,Inactive,Inactive,Active,Month-to-Month,Inactive,Bank Withdrawal,41,132,0,0,46,168,Joined,Others,Others,1
CUS-00261-US,Female,31,Married,Ohio,12,23,,Active,Inactive,Inactive,,No,No,No,No,No,No,No,No,Month-to-Month,Inactive,Credit Card,19,41,0,0,108,157,Joined,Others,Others,1
CUS-00275-US,Female,60,Married,North Carolina,11,34,,Active,Active,Active,DSL,Inactive,Inactive,Inactive,Inactive,Active,Inactive,Inactive,Inactive,Month-to-Month,Active,Bank Withdrawal,56,173,0,71,63,279,Joined,Others,Others,1
CUS-00289-US,Female,48,Married,Illinois,8,26,,Active,Inactive,Active,Fiber Optic,Inactive,Inactive,Inactive,Inactive,Active,Active,Active,Active,Month-to-Month,Inactive,Credit Card,96,232,0,0,16,272,Joined,Others,Others,1
CUS-00303-US,Female,61,Married,Florida,0,29,,Active,Inactive,Active,Fiber Optic,Inactive,Inactive,Inactive,Inactive,Inactive,Inactive,Inactive,Active,Month-to-Month,Active,Bank Withdrawal,74,200,35,0,5,160,Joined,Others,Others,1
CUS-00337-US,Female,34,Married,Wisconsin,8,22,,Active,Inactive,Active,Fiber Optic,Inactive,Inactive,Inactive,Inactive,Inactive,Inactive,Inactive,Active,Month-to-Month,Active,Bank Withdrawal,71,128,0,0,63,198,Joined,Others,Others,1
CUS-00364-US,Female,61,Married,North Carolina,3,18,Deal 5,Active,Inactive,Active,Cable,Active,Inactive,Inactive,Inactive,Inactive,Active,Active,Active,Month-to-Month,Active,Mailed Check,63,122,0,0,91,217,Joined,Others,Others,1
CUS-00420-US,Female,53,Married,Texas,5,1,,Active,Inactive,Active,Cable,Active,Inactive,Inactive,Inactive,Inactive,Inactive,Inactive,Active,Month-to-Month,Active,Bank Withdrawal,47,53,0,0,16,68,Joined,Others,Others,1
CUS-00432-US,Female,53,Married,New York,10,7,,Active,Inactive,Active,Fiber Optic,Active,Inactive,Inactive,Active,Inactive,Inactive,Inactive,Inactive,Month-to-Month,Active,Credit Card,76,196,0,19,146,402,Joined,Others,Others,1
CUS-00449-US,Female,53,Married,New York,9,15,Deal 5,Active,Inactive,Inactive,,No,No,No,No,No,No,No,No,Month-to-Month,Active,Credit Card,20,21,0,0,26,44,Joined,Others,Others,1
CUS-00450-US,Female,53,Married,New York,0,12,,Active,Inactive,Inactive,,No,No,No,No,No,No,No,No,Month-to-Month,Inactive,Credit Card,19,19,0,0,31,55,Joined,Others,Others,1
CUS-00452-US,Female,53,Married,New York,3,25,,Active,Inactive,Active,DSL,Inactive,Inactive,Inactive,Inactive,Active,Inactive,Inactive,Active,Month-to-Month,Active,Bank Withdrawal,50,55,0,0,39,91,Joined,Others,Others,1
CUS-00496-US,Male,40,Single,New York,8,24,Deal 5,Active,Inactive,Active,Cable,Inactive,Inactive,Inactive,Active,Active,Active,Active,Active,Month-to-Month,Inactive,Credit Card,77,238,0,0,81,325,Joined,Others,Others,1
CUS-00545-US,Female,42,Married,New York,2,19,,Active,Inactive,Inactive,,No,No,No,No,No,No,No,No,Month-to-Month,Inactive,Credit Card,19,46,0,0,54,90,Joined,Others,Others,1
CUS-00546-US,Male,19,Married,New York,11,5,,Active,Inactive,Active,Cable,Inactive,Inactive,Active,Active,Active,Active,Active,Active,Month-to-Month,Active,Bank Withdrawal,72,74,0,0,6,86,Joined,Others,Others,1
CUS-00584-US,Male,53,Married,Florida,4,15,Deal 5,Active,Inactive,Inactive,,No,No,No,No,No,No,No,No,Month-to-Month,Active,Mailed Check,18,37,0,0,14,55,Joined,Others,Others,1
CUS-00619-US,Male,38,Single,Massachusetts,1,13,,Active,Inactive,Inactive,,No,No,No,No,No,No,No,No,Month-to-Month,Inactive,Credit Card,20,21,0,0,34,46,Joined,Others,Others,1
CUS-00649-US,Female,33,Married,Texas,2,10,,Active,Inactive,Inactive,,No,No,No,No,No,No,No,No,Month-to-Month,Inactive,Credit Card,18,20,0,0,40,65,Joined,Others,Others,1
CUS-00653-US,Female,28,Married,Texas,7,21,,Inactive,No,Active,DSL,Inactive,Active,Inactive,Inactive,Inactive,Inactive,Inactive,Active,Month-to-Month,Inactive,Credit Card,30,90,0,0,0,104,Joined,Others,Others,1
CUS-00660-US,Female,58,Single,Texas,10,35,,Active,Inactive,Active,DSL,Inactive,Inactive,Inactive,Inactive,Active,Inactive,Inactive,Active,Month-to-Month,Active,Bank Withdrawal,51,138,0,0,123,278,Joined,Others,Others,1
CUS-00671-US,Female,47,Single,Texas,6,5,,Active,Inactive,Inactive,,No,No,No,No,No,No,No,No,Month-to-Month,Inactive,Credit Card,17,19,0,0,5,24,Joined,Others,Others,1
CUS-00706-US,Female,47,Single,Texas,4,29,,Active,Inactive,Inactive,,No,No,No,No,No,No,No,No,One Year,Inactive,Credit Card,19,20,0,0,47,71,Joined,Others,Others,1
CUS-00715-US,Female,67,Married,Texas,7,17,,Inactive,No,Active,DSL,Inactive,Active,Inactive,Inactive,Inactive,Inactive,Inactive,Active,Month-to-Month,Active,Bank Withdrawal,31,86,0,0,0,81,Joined,Others,Others,1
CUS-00739-US,Female,30,Married,Texas,1,31,Deal 5,Active,Inactive,Inactive,,No,No,No,No,No,No,No,No,Month-to-Month,Active,Bank Withdrawal,20,19,0,0,10,26,Joined,Others,Others,1
CUS-00741-US,Female,61,Married,Texas,1,35,,Active,Inactive,Inactive,,No,No,No,No,No,No,No,No,Two Year,Inactive,Credit Card,22,22,0,0,29,55,Joined,Others,Others,1
CUS-00764-US,Female,48,Single,Texas,9,30,,Active,Inactive,Inactive,,No,No,No,No,No,No,No,No,Month-to-Month,Inactive,Credit Card,22,20,0,0,15,34,Joined,Others,Others,1
CUS-00776-US,Female,58,Married,Texas,12,24,,Active,Inactive,Inactive,,No,No,No,No,No,No,No,No,Month-to-Month,Inactive,Bank Withdrawal,18,19,0,0,35,55,Joined,Others,Others,1
CUS-00801-US,Female,20,Married,Texas,14,6,,Active,Inactive,Inactive,,No,No,No,No,No,No,No,No,Month-to-Month,Inactive,Bank Withdrawal,18,18,0,0,28,44,Joined,Others,Others,1
CUS-00813-US,Female,57,Single,Texas,12,12,Deal 5,Active,Inactive,Active,Fiber Optic,Active,Inactive,Inactive,Inactive,Inactive,Active,Active,Active,Month-to-Month,Active,Credit Card,87,255,0,0,56,271,Joined,Others,Others,1
CUS-00832-US,Male,31,Single,Texas,12,12,,Active,Active,Active,Cable,Inactive,Inactive,Inactive,Active,Active,Inactive,Inactive,Active,Month-to-Month,Active,Credit Card,70,208,0,0,130,360,Joined,Others,Others,1
CUS-00938-US,Male,48,Married,Texas,7,11,,Active,Inactive,Active,Fiber Optic,Inactive,Inactive,Inactive,Active,Active,Active,Active,Active,Month-to-Month,Active,Bank Withdrawal,92,96,0,0,3,91,Joined,Others,Others,1
CUS-00952-US,Male,26,Married,Texas,8,11,Deal 5,Active,Inactive,Active,Fiber Optic,Inactive,Active,Inactive,Inactive,Inactive,Inactive,Inactive,Active,Month-to-Month,Active,Bank Withdrawal,49,49,0,0,6,56,Joined,Others,Others,1
CUS-00960-US,Female,68,Married,Texas,6,11,Deal 5,Active,Inactive,Inactive,Fiber Optic,No,No,No,No,No,No,No,No,Month-to-Month,Active,Credit Card,17,20,0,0,28,50,Joined,Others,Others,1
CUS-00983-US,Female,60,Married,Texas,11,11,,Active,Active,Active,Fiber Optic,Inactive,Inactive,Inactive,Inactive,Inactive,Inactive,Inactive,Active,Month-to-Month,Active,Bank Withdrawal,78,79,0,0,5,80,Joined,Others,Others,1
CUS-00985-US,Female,41,Single,Texas,8,11,Deal 5,Active,Inactive,Active,Fiber Optic,Active,Inactive,Inactive,Inactive,Inactive,Inactive,Inactive,Active,Month-to-Month,Inactive,Credit Card,52,51,0,0,10,61,Joined,Others,Others,1
CUS-00998-US,Female,41,Married,Texas,1,6,,Active,Inactive,Active,Fiber Optic,Inactive,Active,Inactive,Inactive,Inactive,Inactive,Inactive,Active,Month-to-Month,Inactive,Bank Withdrawal,54,48,0,0,49,90,Joined,Others,Others,1
CUS-01002-US,Female,40,Single,Texas,3,16,Deal 5,Active,Inactive,Active,Fiber Optic,Inactive,Inactive,Inactive,Inactive,Inactive,Inactive,Inactive,Active,Month-to-Month,Inactive,Bank Withdrawal,45,46,0,0,37,75,Joined,Others,Others,1
CUS-01028-US,Female,26,Married,Texas,16,9,,Active,Inactive,Active,Fiber Optic,Inactive,Inactive,Inactive,Active,Inactive,Inactive,Inactive,Active,Month-to-Month,Active,Bank Withdrawal,54,47,0,0,16,66,Joined,Others,Others,1
CUS-01086-US,Female,40,Single,Wisconsin,9,1,,Active,Inactive,Inactive,Fiber Optic,No,No,No,No,No,No,No,No,Month-to-Month,Active,Credit Card,19,18,0,0,10,29,Joined,Others,Others,1
CUS-01093-US,Male,66,Single,Tennessee,14,28,,Active,Inactive,Active,Fiber Optic,Inactive,Active,Inactive,Inactive,Inactive,Active,Active,Active,Month-to-Month,Active,Bank Withdrawal,88,79,0,0,15,94,Joined,Others,Others,1
CUS-01098-US,Female,27,Married,New Jersey,12,9,,Active,Inactive,Active,Fiber Optic,Inactive,Inactive,Inactive,Inactive,Inactive,Inactive,Inactive,Inactive,Month-to-Month,Active,Bank Withdrawal,76,64,0,11,10,99,Joined,Others,Others,1
CUS-01110-US,Male,32,Married,Ohio,7,10,,Active,Inactive,Inactive,Fiber Optic,No,No,No,No,No,No,No,No,Month-to-Month,Inactive,Credit Card,19,18,0,0,38,50,Joined,Others,Others,1
CUS-01146-US,Female,38,Married,Washington,8,24,Deal 5,Active,Inactive,Inactive,Fiber Optic,No,No,No,No,No,No,No,No,Month-to-Month,Active,Credit Card,19,19,0,0,9,30,Joined,Others,Others,1
CUS-01149-US,Female,26,Single,Michigan,12,13,Deal 5,Active,Inactive,Active,Fiber Optic,Inactive,Inactive,Inactive,Inactive,Inactive,Inactive,Inactive,Active,Month-to-Month,Inactive,Bank Withdrawal,45,88,0,0,36,118,Joined,Others,Others,1
CUS-01162-US,Male,32,Single,Maryland,5,4,Deal 5,Active,Inactive,Active,Fiber Optic,Inactive,Inactive,Active,Inactive,Inactive,Inactive,Inactive,Active,Month-to-Month,Inactive,Credit Card,79,74,0,0,40,107,Joined,Others,Others,1
CUS-01168-US,Male,41,Single,Indiana,7,16,Deal 5,Active,Inactive,Inactive,Fiber Optic,No,No,No,No,No,No,No,No,Month-to-Month,Inactive,Credit Card,19,36,0,0,14,54,Joined,Others,Others,1
CUS-01173-US,Male,41,Married,Georgia,0,27,,Active,Inactive,Active,Fiber Optic,Inactive,Inactive,Inactive,Active,Inactive,Inactive,Inactive,Active,Month-to-Month,Active,Mailed Check,53,154,0,0,84,233,Joined,Others,Others,1
CUS-01183-US,Female,19,Single,New York,5,7,Deal 5,Inactive,No,Active,Fiber Optic,Inactive,Inactive,Inactive,Inactive,Inactive,Inactive,Inactive,Active,Month-to-Month,Inactive,Mailed Check,23,42,0,0,0,41,Joined,Others,Others,1
CUS-01189-US,Female,27,Married,Virginia,16,5,Deal 5,Active,Inactive,Active,Fiber Optic,Active,Inactive,Inactive,Inactive,Inactive,Active,Active,Active,Month-to-Month,Active,Credit Card,63,113,0,0,66,183,Joined,Others,Others,1
CUS-01193-US,Female,36,Single,Wisconsin,2,31,Deal 5,Active,Inactive,Inactive,Fiber Optic,No,No,No,No,No,No,No,No,Month-to-Month,Inactive,Credit Card,20,35,0,0,64,113,Joined,Others,Others,1
CUS-01202-US,Male,38,Single,California,8,29,,Inactive,No,Active,Fiber Optic,Inactive,Inactive,Inactive,Active,Inactive,Inactive,Inactive,Active,Month-to-Month,Inactive,Credit Card,28,28,0,0,0,31,Joined,Others,Others,1
CUS-01221-US,Male,44,Married,Wisconsin,13,23,Deal 5,Active,Inactive,Active,Fiber Optic,Inactive,Active,Inactive,Inactive,Inactive,Inactive,Inactive,Active,Month-to-Month,Active,Credit Card,46,53,0,0,21,71,Joined,Others,Others,1
CUS-01236-US,Male,23,Married,Illinois,15,5,,Active,Inactive,Active,Fiber Optic,Inactive,Active,Inactive,Inactive,Inactive,Inactive,Inactive,Active,Month-to-Month,Inactive,Credit Card,80,69,0,0,41,127,Joined,Others,Others,1
CUS-01249-US,Female,46,Married,North Carolina,3,19,,Active,Inactive,Active,Fiber Optic,Inactive,Inactive,Inactive,Inactive,Inactive,Inactive,Inactive,Active,Month-to-Month,Inactive,Credit Card,46,44,0,0,48,94,Joined,Others,Others,1
CUS-01256-US,Female,40,Single,Florida,2,5,Deal 5,Active,Inactive,Inactive,Fiber Optic,No,No,No,No,No,No,No,No,Month-to-Month,Inactive,Credit Card,18,18,0,0,18,36,Joined,Others,Others,1
CUS-01270-US,Male,53,Married,North Carolina,9,34,Deal 5,Active,Active,Active,Fiber Optic,Active,Active,Inactive,Inactive,Inactive,Inactive,Inactive,Active,Month-to-Month,Inactive,Bank Withdrawal,63,59,0,0,17,72,Joined,Others,Others,1
CUS-01281-US,Female,21,Married,Illinois,8,3,,Active,Inactive,Active,Fiber Optic,Inactive,Inactive,Inactive,Inactive,Active,Active,Active,Active,Month-to-Month,Active,Bank Withdrawal,89,90,0,0,24,112,Joined,Others,Others,1
CUS-01282-US,Female,62,Single,Illinois,1,4,Deal 5,Active,Inactive,Active,Fiber Optic,Inactive,Inactive,Inactive,Inactive,Inactive,Inactive,Inactive,Active,Month-to-Month,Inactive,Bank Withdrawal,40,48,0,0,12,62,Joined,Others,Others,1
CUS-01354-US,Male,59,Single,Florida,8,9,,Active,Inactive,Active,Fiber Optic,Active,Inactive,Active,Inactive,Inactive,Inactive,Inactive,Active,Month-to-Month,Inactive,Credit Card,52,60,0,0,18,77,Joined,Others,Others,1
CUS-01356-US,Female,54,Married,Arizona,5,24,Deal 5,Inactive,No,Active,Fiber Optic,Inactive,Inactive,Active,Active,Inactive,Inactive,Inactive,Active,Month-to-Month,Inactive,Credit Card,39,33,0,0,0,34,Joined,Others,Others,1
CUS-01382-US,Male,50,Single,Texas,7,4,,Active,Inactive,Active,Fiber Optic,Inactive,Active,Inactive,Inactive,Inactive,Inactive,Inactive,Active,Month-to-Month,Inactive,Bank Withdrawal,82,153,0,0,7,172,Joined,Others,Others,1
CUS-01383-US,Male,24,Married,Missouri,5,4,Deal 5,Active,Active,Inactive,Fiber Optic,No,No,No,No,No,No,No,No,Month-to-Month,Inactive,Mailed Check,28,23,0,0,36,56,Joined,Others,Others,1
CUS-01384-US,Male,26,Single,Illinois,10,15,,Active,Inactive,Inactive,Fiber Optic,No,No,No,No,No,No,No,No,Month-to-Month,Active,Credit Card,22,19,0,0,43,67,Joined,Others,Others,1
CUS-01385-US,Male,46,Single,Georgia,8,19,Deal 5,Active,Inactive,Active,Fiber Optic,Inactive,Active,Active,Active,Active,Active,Active,Active,Month-to-Month,Active,Bank Withdrawal,103,323,0,0,38,365,Joined,Others,Others,1
CUS-01404-US,Female,28,Married,New Jersey,12,26,,Active,Inactive,Inactive,Fiber Optic,No,No,No,No,No,No,No,No,Month-to-Month,Inactive,Credit Card,20,23,0,0,21,40,Joined,Others,Others,1
CUS-01447-US,Male,30,Married,New Jersey,4,26,,Active,Inactive,Active,Fiber Optic,Active,Inactive,Active,Inactive,Inactive,Inactive,Inactive,Active,Month-to-Month,Inactive,Bank Withdrawal,53,124,0,0,25,143,Joined,Others,Others,1
CUS-01477-US,Female,44,Married,New York,4,26,Deal 5,Inactive,No,Active,Fiber Optic,Inactive,Inactive,Inactive,Inactive,Inactive,Inactive,Inactive,Inactive,Month-to-Month,Inactive,Bank Withdrawal,24,25,0,10,0,38,Joined,Others,Others,1
CUS-01482-US,Female,43,Single,California,14,14,,Active,Inactive,Inactive,Fiber Optic,No,No,No,No,No,No,No,No,Month-to-Month,Inactive,Credit Card,20,19,0,0,3,22,Joined,Others,Others,1
CUS-01501-US,Male,25,Single,Missouri,1,15,,Active,Inactive,Inactive,Fiber Optic,No,No,No,No,No,No,No,No,One Year,Inactive,Credit Card,22,22,0,0,25,49,Joined,Others,Others,1
CUS-01515-US,Female,32,Single,Washington,8,22,Deal 5,Active,Active,Active,Fiber Optic,Inactive,Active,Inactive,Inactive,Inactive,Inactive,Inactive,Inactive,Month-to-Month,Active,Credit Card,87,77,0,54,17,154,Joined,Others,Others,1
CUS-01520-US,Female,64,Single,Missouri,0,17,,Active,Inactive,Active,Fiber Optic,Inactive,Inactive,Inactive,Inactive,Inactive,Inactive,Inactive,Active,Month-to-Month,Inactive,Bank Withdrawal,72,64,0,0,1,77,Joined,Others,Others,1
CUS-01532-US,Female,37,Single,Virginia,11,12,,Active,Inactive,Active,Fiber Optic,Inactive,Inactive,Inactive,Active,Inactive,Inactive,Inactive,Active,Month-to-Month,Inactive,Credit Card,52,50,0,0,26,69,Joined,Others,Others,1
CUS-01534-US,Female,34,Married,Ohio,15,8,Deal 5,Active,Inactive,Active,Fiber Optic,Inactive,Inactive,Inactive,Inactive,Inactive,Inactive,Inactive,Active,Month-to-Month,Active,Credit Card,44,45,0,0,51,94,Joined,Others,Others,1
CUS-01550-US,Female,34,Married,California,10,32,Deal 5,Active,Inactive,Inactive,Fiber Optic,No,No,No,No,No,No,No,No,Month-to-Month,Inactive,Bank Withdrawal,20,57,0,0,70,132,Joined,Others,Others,1
CUS-01553-US,Female,66,Single,California,12,20,,Active,Inactive,Inactive,Fiber Optic,No,No,No,No,No,No,No,No,Month-to-Month,Inactive,Credit Card,20,60,0,0,13,68,Joined,Others,Others,1
CUS-01567-US,Female,23,Married,Wisconsin,7,13,,Active,Inactive,Active,Fiber Optic,Active,Inactive,Inactive,Inactive,Inactive,Inactive,Inactive,Active,Month-to-Month,Active,Bank Withdrawal,72,234,0,0,29,251,Joined,Others,Others,1
CUS-01576-US,Male,31,Single,Washington,10,13,,Active,Inactive,Inactive,Fiber Optic,No,No,No,No,No,No,No,No,Month-to-Month,Inactive,Credit Card,22,45,0,0,24,62,Joined,Others,Others,1
CUS-01596-US,Female,36,Single,California,5,15,,Active,Inactive,Inactive,Fiber Optic,No,No,No,No,No,No,No,No,Month-to-Month,Active,Credit Card,19,20,0,0,8,30,Joined,Others,Others,1
CUS-01617-US,Male,38,Single,Tennessee,5,11,Deal 5,Active,Inactive,Inactive,,No,No,No,No,No,No,No,No,Month-to-Month,Active,Credit Card,21,67,0,0,49,99,Joined,Others,Others,1
CUS-01629-US,Male,49,Single,New Jersey,2,34,,Active,Inactive,Inactive,DSL,No,No,No,No,No,No,No,No,Month-to-Month,Inactive,Mailed Check,19,39,0,0,97,152,Joined,Others,Others,1
CUS-01632-US,Female,87,Single,California,6,8,,Active,Inactive,Active,DSL,Inactive,Inactive,Inactive,Active,Inactive,Inactive,Inactive,Active,One Year,Inactive,Bank Withdrawal,79,70,0,0,29,112,Joined,Others,Others,1
CUS-01656-US,Female,29,Married,Wisconsin,0,10,Deal 5,Active,Inactive,Inactive,DSL,No,No,No,No,No,No,No,No,Month-to-Month,Active,Credit Card,21,19,0,0,10,33,Joined,Others,Others,1
CUS-01659-US,Female,37,Married,Missouri,15,10,,Active,Inactive,Active,DSL,Inactive,Inactive,Inactive,Active,Inactive,Inactive,Inactive,Active,Month-to-Month,Active,Mailed Check,73,72,0,0,36,124,Joined,Others,Others,1
CUS-01668-US,Female,61,Married,Virginia,8,9,,Active,Inactive,Inactive,DSL,No,No,No,No,No,No,No,No,Month-to-Month,Active,Credit Card,21,19,0,0,32,61,Joined,Others,Others,1
CUS-01708-US,Female,29,Single,New York,0,17,Deal 5,Inactive,No,Active,DSL,Inactive,Inactive,Inactive,Inactive,Inactive,Inactive,Inactive,Inactive,Month-to-Month,Inactive,Credit Card,25,26,0,71,0,101,Joined,Others,Others,1
CUS-01710-US,Female,60,Married,Tennessee,0,5,,Active,Inactive,Inactive,DSL,No,No,No,No,No,No,No,No,Month-to-Month,Inactive,Credit Card,20,18,0,0,39,59,Joined,Others,Others,1
CUS-01725-US,Female,26,Single,Illinois,5,3,,Active,Inactive,Inactive,DSL,No,No,No,No,No,No,No,No,Month-to-Month,Inactive,Credit Card,20,21,0,0,8,30,Joined,Others,Others,1
CUS-01732-US,Female,57,Single,Maryland,2,25,,Active,Inactive,Active,DSL,Active,Active,Inactive,Active,Inactive,Active,Active,Active,Month-to-Month,Active,Bank Withdrawal,65,72,0,0,19,86,Joined,Others,Others,1
CUS-01739-US,Male,46,Single,Massachusetts,1,10,,Active,Inactive,Inactive,DSL,No,No,No,No,No,No,No,No,Month-to-Month,Inactive,Credit Card,20,21,0,0,46,70,Joined,Others,Others,1
CUS-01749-US,Male,33,Single,Indiana,4,13,,Active,Inactive,Active,DSL,Inactive,Inactive,Inactive,Active,Inactive,Inactive,Inactive,Active,Month-to-Month,Inactive,Credit Card,54,47,0,0,53,93,Joined,Others,Others,1
CUS-01759-US,Female,37,Married,Washington,7,35,,Active,Inactive,Inactive,DSL,No,No,No,No,No,No,No,No,Month-to-Month,Inactive,Credit Card,20,69,0,0,39,104,Joined,Others,Others,1
CUS-01771-US,Female,59,Single,Wisconsin,14,20,,Active,Inactive,Active,DSL,Inactive,Inactive,Inactive,Inactive,Inactive,Inactive,Inactive,Active,Month-to-Month,Active,Mailed Check,42,132,0,0,9,139,Joined,Others,Others,1
CUS-01773-US,Female,58,Single,Arizona,14,20,Deal 5,Active,Inactive,Inactive,DSL,No,No,No,No,No,No,No,No,Month-to-Month,Active,Credit Card,20,42,0,0,20,54,Joined,Others,Others,1
CUS-01781-US,Female,26,Married,California,2,32,,Active,Inactive,Inactive,DSL,No,No,No,No,No,No,No,No,Month-to-Month,Inactive,Bank Withdrawal,19,20,0,0,11,32,Joined,Others,Others,1
CUS-01793-US,Male,32,Single,Missouri,2,17,,Active,Inactive,Inactive,DSL,No,No,No,No,No,No,No,No,Month-to-Month,Inactive,Mailed Check,20,21,0,0,44,65,Joined,Others,Others,1
CUS-01798-US,Female,36,Married,Ohio,8,37,,Active,Inactive,Active,DSL,Inactive,Inactive,Inactive,Inactive,Inactive,Inactive,Inactive,Active,Month-to-Month,Inactive,Credit Card,46,46,0,0,39,88,Joined,Others,Others,1
CUS-01807-US,Male,27,Single,Illinois,4,25,,Active,Inactive,Inactive,DSL,No,No,No,No,No,No,No,No,Month-to-Month,Inactive,Credit Card,22,20,0,0,29,53,Joined,Others,Others,1
CUS-01821-US,Female,27,Single,Massachusetts,15,10,,Active,Active,Inactive,DSL,No,No,No,No,No,No,No,No,Month-to-Month,Active,Credit Card,30,26,0,0,15,42,Joined,Others,Others,1
CUS-01827-US,Female,51,Single,Ohio,10,5,,Active,Inactive,Inactive,DSL,No,No,No,No,No,No,No,No,Month-to-Month,Inactive,Credit Card,20,20,0,0,37,61,Joined,Others,Others,1
CUS-01832-US,Female,35,Single,Arizona,8,33,Deal 5,Active,Active,Inactive,DSL,No,No,No,No,No,No,No,No,Month-to-Month,Active,Bank Withdrawal,28,25,0,0,43,64,Joined,Others,Others,1
CUS-01854-US,Male,46,Married,Michigan,8,11,Deal 5,Active,Active,Active,DSL,Inactive,Inactive,Inactive,Inactive,Inactive,Inactive,Inactive,Active,Month-to-Month,Active,Bank Withdrawal,53,51,0,0,43,98,Joined,Others,Others,1
CUS-01877-US,Male,51,Married,Florida,8,32,Deal 5,Active,Inactive,Active,DSL,Inactive,Inactive,Inactive,Inactive,Inactive,Active,Active,Active,Month-to-Month,Active,Bank Withdrawal,82,230,0,0,148,418,Joined,Others,Others,1
CUS-01879-US,Female,53,Married,California,16,29,,Active,Inactive,Active,DSL,Active,Active,Inactive,Active,Inactive,Inactive,Inactive,Active,Month-to-Month,Active,Credit Card,91,79,0,0,42,132,Joined,Others,Others,1
CUS-01888-US,Female,56,Single,Missouri,8,6,,Active,Inactive,Active,DSL,Inactive,Inactive,Active,Inactive,Inactive,Inactive,Inactive,Active,Month-to-Month,Active,Mailed Check,68,253,39,0,40,244,Joined,Others,Others,1
CUS-01901-US,Female,48,Married,Washington,4,20,,Active,Inactive,Inactive,DSL,No,No,No,No,No,No,No,No,Month-to-Month,Inactive,Credit Card,21,19,0,0,7,27,Joined,Others,Others,1
CUS-01916-US,Female,49,Single,North Carolina,4,2,Deal 5,Active,Inactive,Inactive,DSL,No,No,No,No,No,No,No,No,Month-to-Month,Inactive,Bank Withdrawal,19,52,0,0,58,111,Joined,Others,Others,1
CUS-01932-US,Female,17,Single,Massachusetts,4,3,,Active,Inactive,Active,DSL,Inactive,Inactive,Inactive,Active,Inactive,Active,Active,Active,Month-to-Month,Active,Credit Card,63,62,0,0,42,105,Joined,Others,Others,1
CUS-01939-US,Male,49,Single,New Jersey,14,1,,Inactive,No,Active,DSL,Inactive,Inactive,Inactive,Inactive,Inactive,Inactive,Inactive,Inactive,Month-to-Month,Active,Bank Withdrawal,27,25,0,0,0,27,Joined,Others,Others,1
CUS-01942-US,Female,57,Married,New Jersey,16,25,,Active,Inactive,Inactive,DSL,No,No,No,No,No,No,No,No,Month-to-Month,Inactive,Credit Card,19,21,0,0,40,60,Joined,Others,Others,1
CUS-01968-US,Female,32,Married,Texas,3,24,,Active,Inactive,Active,DSL,Inactive,Inactive,Inactive,Inactive,Inactive,Inactive,Inactive,Inactive,Month-to-Month,Active,Bank Withdrawal,74,144,0,10,22,173,Joined,Others,Others,1
CUS-01972-US,Male,39,Married,Georgia,4,12,,Active,Inactive,Active,DSL,Inactive,Inactive,Inactive,Inactive,Inactive,Inactive,Inactive,Active,Month-to-Month,Inactive,Bank Withdrawal,41,42,0,0,45,80,Joined,Others,Others,1
CUS-01974-US,Female,55,Married,Texas,15,11,,Active,Inactive,Active,DSL,Inactive,Inactive,Inactive,Inactive,Inactive,Inactive,Inactive,Active,Month-to-Month,Active,Credit Card,77,141,0,0,14,157,Joined,Others,Others,1
CUS-01983-US,Female,48,Married,Texas,10,14,,Active,Inactive,Active,DSL,Inactive,Inactive,Inactive,Inactive,Inactive,Inactive,Inactive,Active,Month-to-Month,Active,Credit Card,75,68,0,0,11,90,Joined,Others,Others,1
CUS-02020-US,Male,35,Single,Michigan,13,4,,Active,Inactive,Inactive,DSL,No,No,No,No,No,No,No,No,One Year,Inactive,Mailed Check,17,17,0,0,46,58,Joined,Others,Others,1
CUS-02022-US,Female,53,Married,Florida,4,6,,Inactive,No,Active,DSL,Inactive,Active,Inactive,Inactive,Active,Active,Active,Active,Month-to-Month,Inactive,Bank Withdrawal,57,102,0,0,0,104,Joined,Others,Others,1
CUS-02034-US,Male,53,Married,Wisconsin,16,16,,Active,Inactive,Active,DSL,Inactive,Active,Inactive,Inactive,Active,Active,Active,Active,Month-to-Month,Inactive,Bank Withdrawal,100,317,0,0,47,360,Joined,Others,Others,1
CUS-02058-US,Female,31,Single,Illinois,7,17,,Active,Inactive,Inactive,DSL,No,No,No,No,No,No,No,No,Month-to-Month,Active,Bank Withdrawal,21,42,0,0,25,66,Joined,Others,Others,1
CUS-02072-US,Male,25,Single,Massachusetts,7,5,,Active,Inactive,Inactive,DSL,No,No,No,No,No,No,No,No,Month-to-Month,Inactive,Credit Card,22,18,0,0,19,38,Joined,Others,Others,1
CUS-02075-US,Female,37,Single,Ohio,5,32,,Active,Inactive,Inactive,DSL,No,No,No,No,No,No,No,No,Month-to-Month,Inactive,Bank Withdrawal,20,52,0,0,57,96,Joined,Others,Others,1
CUS-02077-US,Male,49,Single,Arizona,7,5,,Active,Inactive,Active,DSL,Inactive,Inactive,Inactive,Active,Inactive,Active,Active,Active,Month-to-Month,Inactive,Credit Card,60,200,0,0,69,246,Joined,Others,Others,1
CUS-02081-US,Male,24,Single,Georgia,5,10,,Inactive,No,Active,DSL,Inactive,Inactive,Inactive,Inactive,Active,Inactive,Inactive,Active,Month-to-Month,Active,Credit Card,32,116,0,0,0,111,Joined,Others,Others,1
CUS-02096-US,Female,47,Married,New Jersey,0,34,,Inactive,No,Active,DSL,Inactive,Inactive,Inactive,Inactive,Inactive,Inactive,Inactive,Active,One Year,Inactive,Credit Card,27,27,0,0,0,26,Joined,Others,Others,1
CUS-02101-US,Female,33,Married,Virginia,9,7,Deal 5,Active,Inactive,Active,DSL,Active,Active,Inactive,Inactive,Active,Inactive,Inactive,Active,Month-to-Month,Inactive,Bank Withdrawal,97,226,0,0,105,326,Joined,Others,Others,1
CUS-02106-US,Male,65,Married,California,10,1,Deal 5,Inactive,No,Active,DSL,Inactive,Active,Inactive,Inactive,Inactive,Inactive,Inactive,Active,Month-to-Month,Inactive,Credit Card,27,98,0,0,0,97,Joined,Others,Others,1
CUS-02115-US,Male,60,Single,Arizona,3,36,,Active,Active,Active,DSL,Active,Active,Inactive,Inactive,Inactive,Inactive,Inactive,Active,Month-to-Month,Inactive,Bank Withdrawal,57,139,0,0,28,168,Joined,Others,Others,1
CUS-02116-US,Female,53,Married,Texas,0,19,,Active,Inactive,Inactive,DSL,No,No,No,No,No,No,No,No,Month-to-Month,Inactive,Credit Card,22,22,0,0,4,23,Joined,Others,Others,1
CUS-02143-US,Female,55,Married,Florida,3,9,,Active,Active,Active,DSL,Active,Inactive,Inactive,Inactive,Inactive,Inactive,Inactive,Active,Month-to-Month,Inactive,Credit Card,81,201,0,0,10,199,Joined,Others,Others,1
CUS-02160-US,Female,51,Single,Missouri,11,20,,Active,Inactive,Inactive,DSL,No,No,No,No,No,No,No,No,Month-to-Month,Inactive,Credit Card,20,48,0,0,43,90,Joined,Others,Others,1
CUS-02189-US,Male,53,Single,Washington,14,25,Deal 5,Active,Inactive,Active,DSL,Inactive,Inactive,Inactive,Inactive,Active,Inactive,Inactive,Active,Month-to-Month,Active,Bank Withdrawal,84,246,0,0,76,284,Joined,Others,Others,1
CUS-02220-US,Male,26,Married,Indiana,1,6,,Active,Inactive,Active,DSL,Inactive,Inactive,Inactive,Active,Active,Active,Active,Active,Month-to-Month,Inactive,Bank Withdrawal,30,5518,0,0,47,166,Joined,Others,Others,1
CUS-02227-US,Female,26,Single,Florida,0,2,,Active,Inactive,Inactive,DSL,No,No,No,No,No,No,No,No,Month-to-Month,Inactive,Mailed Check,19,20,0,0,39,63,Joined,Others,Others,1
CUS-02250-US,Female,38,Married,Tennessee,16,13,Deal 5,Active,Inactive,Active,DSL,Inactive,Inactive,Inactive,Inactive,Inactive,Inactive,Inactive,Active,Month-to-Month,Active,Credit Card,47,77,0,0,83,146,Joined,Others,Others,1
CUS-02259-US,Male,80,Married,New Jersey,13,31,,Active,Active,Active,DSL,Inactive,Inactive,Inactive,Inactive,Inactive,Inactive,Inactive,Active,Month-to-Month,Active,Mailed Check,78,160,0,0,32,169,Joined,Others,Others,1
CUS-02267-US,Male,33,Married,Texas,3,24,,Active,Inactive,Inactive,DSL,No,No,No,No,No,No,No,No,Month-to-Month,Active,Credit Card,18,20,0,0,19,39,Joined,Others,Others,1
CUS-02277-US,Female,56,Single,Georgia,0,12,Deal 5,Active,Inactive,Active,DSL,Inactive,Inactive,Inactive,Inactive,Active,Active,Active,Active,Month-to-Month,Active,Bank Withdrawal,86,257,0,0,49,328,Joined,Others,Others,1
CUS-02308-US,Female,54,Married,Arizona,11,7,,Active,Active,Active,DSL,Inactive,Inactive,Inactive,Inactive,Inactive,Inactive,Inactive,Active,Month-to-Month,Inactive,Bank Withdrawal,69,269,0,0,46,329,Joined,Others,Others,1
CUS-02312-US,Male,59,Married,Missouri,12,6,,Active,Inactive,Inactive,DSL,No,No,No,No,No,No,No,No,Month-to-Month,Inactive,Credit Card,20,20,0,0,36,56,Joined,Others,Others,1
CUS-02340-US,Female,92,Single,Georgia,2,10,Deal 5,Active,Inactive,Active,DSL,Inactive,Active,Inactive,Inactive,Inactive,Inactive,Inactive,Inactive,Month-to-Month,Active,Bank Withdrawal,72,220,0,31,113,395,Joined,Others,Others,1
CUS-02341-US,Male,68,Married,Michigan,10,2,Deal 5,Active,Inactive,Active,DSL,Inactive,Inactive,Inactive,Inactive,Inactive,Inactive,Inactive,Active,One Year,Inactive,Bank Withdrawal,41,45,0,0,11,62,Joined,Others,Others,1
CUS-02347-US,Female,43,Single,Ohio,13,7,Deal 5,Active,Active,Active,DSL,Inactive,Active,Inactive,Inactive,Inactive,Inactive,Inactive,Active,Month-to-Month,Inactive,Bank Withdrawal,87,148,0,0,56,191,Joined,Others,Others,1
CUS-02349-US,Female,18,Single,Massachusetts,11,1,Deal 5,Active,Active,Active,DSL,Inactive,Active,Inactive,Inactive,Inactive,Inactive,Inactive,Active,Month-to-Month,Active,Bank Withdrawal,78,134,0,0,53,195,Joined,Others,Others,1
CUS-02359-US,Male,49,Married,Wisconsin,11,31,,Inactive,No,Active,DSL,Inactive,Inactive,Inactive,Inactive,Inactive,Inactive,Inactive,Active,Month-to-Month,Inactive,Credit Card,24,23,0,0,0,24,Joined,Others,Others,1
CUS-02393-US,Female,45,Married,Maryland,13,18,,Active,Active,Active,DSL,Inactive,Inactive,Inactive,Inactive,Active,Inactive,Inactive,Active,Month-to-Month,Active,Bank Withdrawal,80,131,0,0,41,162,Joined,Others,Others,1
CUS-02411-US,Male,24,Married,Missouri,10,4,,Active,Inactive,Active,DSL,Inactive,Inactive,Inactive,Inactive,Active,Inactive,Inactive,Active,Month-to-Month,Active,Credit Card,59,51,0,0,39,91,Joined,Others,Others,1
CUS-02444-US,Male,55,Single,Illinois,1,8,Deal 5,Active,Inactive,Active,DSL,Inactive,Inactive,Inactive,Inactive,Inactive,Inactive,Inactive,Active,Month-to-Month,Active,Mailed Check,47,44,0,0,15,60,Joined,Others,Others,1
CUS-02455-US,Male,65,Married,North Carolina,5,10,,Active,Inactive,Active,DSL,Inactive,Inactive,Active,Active,Inactive,Inactive,Inactive,Active,Month-to-Month,Inactive,Credit Card,52,53,0,0,15,65,Joined,Others,Others,1
CUS-02467-US,Male,47,Married,Pennsylvania,10,18,,Active,Inactive,Inactive,DSL,No,No,No,No,No,No,No,No,Month-to-Month,Inactive,Credit Card,22,20,0,0,35,51,Joined,Others,Others,1
CUS-02469-US,Female,36,Married,California,11,27,,Active,Inactive,Inactive,DSL,No,No,No,No,No,No,No,No,Month-to-Month,Active,Mailed Check,22,42,0,0,101,129,Joined,Others,Others,1
CUS-02470-US,Female,37,Single,Florida,6,22,Deal 5,Inactive,No,Active,DSL,Active,Inactive,Inactive,Active,Inactive,Inactive,Inactive,Active,Month-to-Month,Inactive,Credit Card,35,107,0,0,0,93,Joined,Others,Others,1
CUS-02482-US,Female,37,Married,North Carolina,12,29,,Active,Inactive,Active,DSL,Active,Inactive,Inactive,Active,Inactive,Inactive,Inactive,Active,Month-to-Month,Active,Credit Card,59,87,0,0,37,118,Joined,Others,Others,1
CUS-02501-US,Female,33,Married,Illinois,1,19,,Active,Inactive,Inactive,DSL,No,No,No,No,No,No,No,No,Month-to-Month,Inactive,Credit Card,19,22,0,0,7,27,Joined,Others,Others,1
CUS-02524-US,Female,43,Married,California,6,15,Deal 5,Active,Inactive,Inactive,DSL,No,No,No,No,No,No,No,No,Month-to-Month,Inactive,Bank Withdrawal,18,20,0,0,17,37,Joined,Others,Others,1
CUS-02552-US,Female,60,Single,Arizona,6,35,,Active,Inactive,Active,DSL,Inactive,Inactive,Inactive,Active,Inactive,Inactive,Inactive,Inactive,Month-to-Month,Active,Bank Withdrawal,30,5518,0,9,845,76,Joined,Others,Others,1
CUS-02555-US,Male,37,Married,California,12,21,Deal 5,Active,Inactive,Active,Fiber Optic,Inactive,Inactive,Inactive,Inactive,Inactive,Inactive,Inactive,Inactive,Month-to-Month,Inactive,Credit Card,30,5518,0,10,845,142,Joined,Others,Others,1
CUS-02556-US,Male,52,Married,Virginia,5,19,Deal 5,Active,Inactive,Inactive,,No,No,No,No,No,No,No,No,Month-to-Month,Inactive,Bank Withdrawal,19,20,0,0,6,27,Joined,Others,Others,1
CUS-02567-US,Female,24,Single,New York,3,31,,Active,Inactive,Inactive,,No,No,No,No,No,No,No,No,Month-to-Month,Inactive,Credit Card,19,19,0,0,49,63,Joined,Others,Others,1
CUS-02613-US,Male,42,Single,Illinois,14,25,,Active,Inactive,Inactive,Cable,No,No,No,No,No,No,No,No,Month-to-Month,Inactive,Credit Card,18,18,0,0,17,34,Joined,Others,Others,1
CUS-02624-US,Female,73,Married,Massachusetts,0,22,Deal 5,Active,Inactive,Active,Cable,Inactive,Inactive,Inactive,Inactive,Inactive,Inactive,Inactive,Active,Month-to-Month,Inactive,Bank Withdrawal,44,85,0,0,42,112,Joined,Others,Others,1
CUS-02631-US,Female,52,Married,Indiana,4,33,Deal 5,Active,Inactive,Inactive,Cable,No,No,No,No,No,No,No,No,Month-to-Month,Inactive,Credit Card,21,58,0,0,21,77,Joined,Others,Others,1
CUS-02647-US,Male,35,Single,Pennsylvania,1,7,,Inactive,No,Active,Cable,Inactive,Inactive,Inactive,Inactive,Inactive,Active,Active,Active,Month-to-Month,Inactive,Bank Withdrawal,38,34,0,0,0,33,Joined,Others,Others,1
CUS-02651-US,Female,64,Married,Florida,5,4,,Active,Inactive,Inactive,Cable,No,No,No,No,No,No,No,No,Month-to-Month,Active,Bank Withdrawal,21,33,0,0,15,49,Joined,Others,Others,1
CUS-02701-US,Female,17,Single,Wisconsin,0,2,Deal 5,Active,Inactive,Active,Cable,Inactive,Inactive,Active,Inactive,Inactive,Active,Active,Active,Month-to-Month,Inactive,Credit Card,85,281,0,0,95,342,Joined,Others,Others,1
CUS-02707-US,Male,39,Single,New Jersey,2,13,,Active,Inactive,Inactive,Cable,No,No,No,No,No,No,No,No,Month-to-Month,Inactive,Credit Card,21,21,0,0,16,34,Joined,Others,Others,1
CUS-02713-US,Male,55,Single,Maryland,11,30,,Active,Inactive,Inactive,Cable,No,No,No,No,No,No,No,No,Month-to-Month,Inactive,Credit Card,18,39,0,0,4,47,Joined,Others,Others,1
CUS-02731-US,Male,45,Single,Massachusetts,11,30,Deal 5,Active,Inactive,Active,Cable,Inactive,Inactive,Inactive,Inactive,Inactive,Inactive,Inactive,Active,Month-to-Month,Active,Bank Withdrawal,45,41,0,0,31,81,Joined,Others,Others,1
CUS-02742-US,Male,56,Married,Maryland,3,6,Deal 5,Active,Inactive,Inactive,Cable,No,No,No,No,No,No,No,No,Month-to-Month,Inactive,Credit Card,21,21,0,0,2,21,Joined,Others,Others,1
CUS-02754-US,Male,23,Single,Washington,6,3,,Active,Inactive,Active,Cable,Inactive,Inactive,Active,Inactive,Inactive,Active,Active,Active,Month-to-Month,Inactive,Bank Withdrawal,55,103,0,0,28,144,Joined,Others,Others,1
CUS-02770-US,Male,38,Single,Virginia,14,12,Deal 5,Active,Inactive,Inactive,Cable,No,No,No,No,No,No,No,No,Month-to-Month,Inactive,Credit Card,19,19,0,0,52,75,Joined,Others,Others,1
CUS-02779-US,Female,34,Married,New Jersey,0,34,,Active,Inactive,Active,Cable,Inactive,Inactive,Inactive,Active,Inactive,Inactive,Inactive,Active,Month-to-Month,Active,Credit Card,54,141,0,0,89,254,Joined,Others,Others,1
CUS-02780-US,Male,40,Single,Illinois,14,14,,Active,Inactive,Active,Cable,Inactive,Inactive,Inactive,Inactive,Inactive,Inactive,Inactive,Active,Month-to-Month,Active,Credit Card,66,227,0,0,27,264,Joined,Others,Others,1
CUS-02792-US,Female,31,Single,Indiana,1,25,,Active,Inactive,Active,Cable,Inactive,Inactive,Inactive,Inactive,Inactive,Inactive,Inactive,Active,Month-to-Month,Inactive,Credit Card,45,141,0,0,57,186,Joined,Others,Others,1
CUS-02795-US,Male,55,Married,Texas,2,9,,Active,Inactive,Active,Cable,Inactive,Active,Inactive,Inactive,Inactive,Inactive,Inactive,Inactive,Month-to-Month,Inactive,Bank Withdrawal,54,48,0,29,16,89,Joined,Others,Others,1
CUS-02816-US,Female,37,Single,Washington,6,9,Deal 5,Active,Active,Active,Cable,Inactive,Inactive,Inactive,Inactive,Inactive,Inactive,Inactive,Active,Month-to-Month,Active,Bank Withdrawal,78,229,25,0,5,182,Joined,Others,Others,1
CUS-02849-US,Male,60,Married,Tennessee,1,32,Deal 5,Active,Active,Active,Cable,Active,Inactive,Inactive,Inactive,Inactive,Active,Active,Active,Month-to-Month,Inactive,Credit Card,94,169,0,0,57,239,Joined,Others,Others,1
CUS-02860-US,Male,45,Single,Ohio,5,28,,Active,Inactive,Active,Cable,Inactive,Inactive,Inactive,Inactive,Inactive,Inactive,Inactive,Active,Month-to-Month,Inactive,Mailed Check,43,41,0,0,44,83,Joined,Others,Others,1
CUS-02888-US,Female,49,Married,Michigan,14,19,,Inactive,No,Active,Cable,Inactive,Inactive,Inactive,Inactive,Inactive,Inactive,Inactive,Active,Month-to-Month,Inactive,Bank Withdrawal,27,24,0,0,0,25,Joined,Others,Others,1
CUS-02907-US,Female,25,Single,Massachusetts,3,7,,Active,Inactive,Inactive,Cable,No,No,No,No,No,No,No,No,Month-to-Month,Inactive,Bank Withdrawal,20,19,0,0,25,43,Joined,Others,Others,1
CUS-02908-US,Female,20,Single,Arizona,9,7,,Active,Inactive,Active,Cable,Inactive,Inactive,Inactive,Inactive,Active,Inactive,Inactive,Active,Month-to-Month,Active,Bank Withdrawal,74,179,0,0,80,242,Joined,Others,Others,1
CUS-02909-US,Female,31,Married,Pennsylvania,1,30,Deal 5,Inactive,No,Active,Cable,Inactive,Inactive,Inactive,Inactive,Inactive,Inactive,Inactive,Active,Month-to-Month,Inactive,Bank Withdrawal,26,44,0,0,0,42,Joined,Others,Others,1
CUS-02911-US,Female,42,Single,Florida,13,33,,Active,Inactive,Inactive,Cable,No,No,No,No,No,No,No,No,Month-to-Month,Inactive,Mailed Check,21,35,0,0,71,100,Joined,Others,Others,1
CUS-02924-US,Female,30,Single,Florida,5,9,,Active,Inactive,Active,Cable,Inactive,Inactive,Inactive,Inactive,Active,Active,Active,Active,Month-to-Month,Active,Bank Withdrawal,88,87,0,0,5,98,Joined,Others,Others,1
CUS-02939-US,Female,61,Single,Georgia,16,29,,Active,Inactive,Inactive,Cable,No,No,No,No,No,No,No,No,Month-to-Month,Inactive,Credit Card,22,18,0,0,31,47,Joined,Others,Others,1
CUS-02994-US,Male,39,Single,Indiana,10,21,,Inactive,No,Active,Cable,Inactive,Inactive,Inactive,Inactive,Inactive,Inactive,Inactive,Active,Month-to-Month,Active,Credit Card,24,26,0,0,0,26,Joined,Others,Others,1
CUS-02999-US,Male,38,Single,Missouri,14,23,Deal 5,Active,Inactive,Active,Cable,Inactive,Inactive,Inactive,Inactive,Inactive,Inactive,Inactive,Inactive,Month-to-Month,Active,Bank Withdrawal,47,44,0,10,20,80,Joined,Others,Others,1
CUS-03013-US,Female,63,Married,Illinois,6,16,,Active,Inactive,Inactive,Cable,No,No,No,No,No,No,No,No,One Year,Inactive,Mailed Check,21,72,0,0,4,69,Joined,Others,Others,1
CUS-03044-US,Male,55,Single,Georgia,15,8,Deal 5,Active,Inactive,Active,Cable,Inactive,Inactive,Inactive,Inactive,Inactive,Inactive,Inactive,Active,Month-to-Month,Active,Credit Card,77,161,0,0,13,178,Joined,Others,Others,1
CUS-03065-US,Female,53,Married,Maryland,5,28,,Active,Inactive,Active,Cable,Inactive,Inactive,Inactive,Inactive,Inactive,Inactive,Inactive,Active,Month-to-Month,Active,Bank Withdrawal,66,147,0,0,32,154,Joined,Others,Others,1
CUS-03105-US,Female,25,Single,Georgia,1,11,Deal 5,Active,Inactive,Active,Cable,Inactive,Inactive,Inactive,Inactive,Inactive,Inactive,Inactive,Inactive,Month-to-Month,Inactive,Bank Withdrawal,42,88,0,10,82,168,Joined,Others,Others,1
CUS-03178-US,Female,26,Married,Georgia,8,2,Deal 5,Active,Inactive,Inactive,Cable,No,No,No,No,No,No,No,No,Month-to-Month,Active,Credit Card,21,21,0,0,29,48,Joined,Others,Others,1
CUS-03202-US,Female,39,Single,Maryland,8,17,,Active,Inactive,Inactive,Cable,No,No,No,No,No,No,No,No,Month-to-Month,Active,Credit Card,21,18,0,0,3,21,Joined,Others,Others,1
CUS-03229-US,Female,24,Single,Georgia,0,9,,Active,Inactive,Inactive,Cable,Inactive,No,No,No,No,No,No,No,One Year,Inactive,Credit Card,21,36,0,0,77,122,Joined,Others,Others,1
CUS-03240-US,Female,83,Married,Wisconsin,11,28,Deal 5,Active,Inactive,Active,Cable,Inactive,Inactive,Inactive,Inactive,Inactive,Inactive,Inactive,Active,Two Year,Inactive,Bank Withdrawal,49,43,0,0,49,86,Joined,Others,Others,1
CUS-03260-US,Male,25,Married,Florida,0,33,Deal 5,Active,Inactive,Active,DSL,Inactive,Inactive,Inactive,Inactive,Inactive,Active,Active,Inactive,Month-to-Month,Inactive,Mailed Check,59,59,0,32,34,119,Joined,Others,Others,1
CUS-03268-US,Female,40,Married,Tennessee,7,1,Deal 5,Active,Inactive,Active,Fiber Optic,Inactive,Inactive,Inactive,Active,Inactive,Inactive,Inactive,Active,Month-to-Month,Active,Bank Withdrawal,83,185,0,0,55,243,Joined,Others,Others,1
CUS-03286-US,Female,18,Single,Florida,5,4,Deal 5,Active,Inactive,Active,Fiber Optic,Inactive,Active,Inactive,Inactive,Inactive,Inactive,Inactive,Active,Month-to-Month,Active,Bank Withdrawal,67,156,0,0,87,227,Joined,Others,Others,1
CUS-03291-US,Female,30,Married,Massachusetts,16,23,Deal 5,Active,Inactive,Inactive,,Inactive,No,No,No,No,No,No,No,Month-to-Month,Active,Bank Withdrawal,21,20,0,0,20,40,Joined,Others,Others,1
CUS-03405-US,Female,46,Single,Texas,10,17,Deal 5,Active,Active,Active,Fiber Optic,Inactive,Inactive,Inactive,Inactive,Active,Inactive,Inactive,Inactive,Month-to-Month,Active,Bank Withdrawal,91,92,0,0,7,91,Joined,Others,Others,1
CUS-03416-US,Female,38,Single,Missouri,4,9,,Active,Active,Active,Fiber Optic,Inactive,Inactive,Active,Inactive,Active,Inactive,Inactive,Inactive,Month-to-Month,Active,Bank Withdrawal,91,165,0,11,99,301,Joined,Others,Others,1
CUS-03439-US,Female,38,Married,Massachusetts,5,20,,Active,Inactive,Active,DSL,Inactive,Inactive,Inactive,Active,Active,Inactive,Inactive,Active,Month-to-Month,Active,Credit Card,62,189,0,0,124,296,Joined,Others,Others,1
CUS-03452-US,Female,43,Single,Tennessee,0,5,,Active,Inactive,Active,Fiber Optic,Inactive,Inactive,Inactive,Inactive,Inactive,Inactive,Inactive,Inactive,Month-to-Month,Active,Credit Card,66,194,0,18,95,306,Joined,Others,Others,1
CUS-03454-US,Female,40,Married,Arizona,6,6,Deal 5,Active,Inactive,Inactive,,Inactive,No,No,No,No,No,No,No,Month-to-Month,Active,Mailed Check,19,39,0,0,78,134,Joined,Others,Others,1
CUS-03493-US,Female,34,Single,Illinois,4,2,,Active,Inactive,Active,Fiber Optic,Inactive,Inactive,Active,Inactive,Inactive,Inactive,Inactive,Active,Month-to-Month,Inactive,Bank Withdrawal,78,74,0,0,7,81,Joined,Others,Others,1
CUS-03510-US,Female,38,Married,New Jersey,6,13,,Active,Inactive,Inactive,,Inactive,No,No,No,No,No,No,No,Month-to-Month,Inactive,Credit Card,22,35,0,0,30,67,Joined,Others,Others,1
CUS-03523-US,Female,56,Married,Wisconsin,13,33,Deal 5,Active,Inactive,Inactive,,Inactive,No,No,No,No,No,No,No,Month-to-Month,Inactive,Bank Withdrawal,21,20,0,0,1,21,Joined,Others,Others,1
CUS-03526-US,Female,39,Married,Georgia,10,20,,Active,Inactive,Active,Fiber Optic,Inactive,Active,Inactive,Inactive,Active,Inactive,Inactive,Inactive,Month-to-Month,Active,Bank Withdrawal,89,152,0,9,89,295,Joined,Others,Others,1
CUS-03539-US,Male,63,Married,Washington,11,21,Deal 5,Active,Inactive,Active,Fiber Optic,Inactive,Inactive,Inactive,Inactive,Inactive,Inactive,Inactive,Active,Month-to-Month,Inactive,Bank Withdrawal,64,128,0,0,76,232,Joined,Others,Others,1
CUS-03541-US,Female,59,Single,Ohio,11,22,Deal 5,Active,Inactive,Active,DSL,Inactive,Active,Inactive,Active,Active,Active,Active,Active,Month-to-Month,Active,Bank Withdrawal,76,241,0,0,107,356,Joined,Others,Others,1
CUS-03551-US,Female,30,Single,California,1,13,,Active,Inactive,Active,Cable,Inactive,Inactive,Inactive,Inactive,Inactive,Inactive,Inactive,Active,Month-to-Month,Active,Credit Card,49,43,0,0,13,57,Joined,Others,Others,1
CUS-03579-US,Male,37,Single,Arizona,5,13,,Inactive,No,Active,DSL,Inactive,Active,Inactive,Inactive,Inactive,Inactive,Inactive,Active,Month-to-Month,Inactive,Mailed Check,31,82,0,0,0,92,Joined,Others,Others,1
CUS-03592-US,Male,31,Married,Texas,0,36,Deal 5,Active,Inactive,Active,DSL,Inactive,Active,Inactive,Active,Inactive,Active,Active,Inactive,Month-to-Month,Active,Credit Card,64,132,0,30,8,173,Joined,Others,Others,1
CUS-03630-US,Male,38,Single,Indiana,0,21,,Active,Inactive,Active,DSL,Inactive,Inactive,Inactive,Inactive,Inactive,Inactive,Inactive,Active,Month-to-Month,Active,Credit Card,51,47,0,0,25,81,Joined,Others,Others,1
CUS-03731-US,Female,65,Married,Maryland,3,6,Deal 5,Inactive,No,Active,Cable,Inactive,Inactive,Inactive,Inactive,Inactive,Inactive,Inactive,Active,Month-to-Month,Inactive,Mailed Check,24,25,0,0,0,22,Joined,Others,Others,1
CUS-03733-US,Female,18,Single,Georgia,12,12,,Active,Active,Active,Cable,Inactive,Inactive,Inactive,Active,Active,Inactive,Inactive,Active,Month-to-Month,Inactive,Bank Withdrawal,68,187,0,0,114,282,Joined,Others,Others,1
CUS-03741-US,Female,40,Married,Texas,7,37,Deal 5,Active,Inactive,Active,DSL,Inactive,Inactive,Inactive,Inactive,Inactive,Inactive,Inactive,Active,Month-to-Month,Active,Credit Card,48,112,0,0,10,126,Joined,Others,Others,1
CUS-03790-US,Male,34,Single,North Carolina,3,27,,Active,Inactive,Active,Fiber Optic,Inactive,Inactive,Inactive,Inactive,Inactive,Inactive,Inactive,Active,Month-to-Month,Inactive,Bank Withdrawal,71,146,0,0,84,218,Joined,Others,Others,1
CUS-03835-US,Male,25,Single,Illinois,4,29,,Active,Inactive,Active,DSL,Inactive,Inactive,Active,Inactive,Inactive,Active,Active,Inactive,Month-to-Month,Active,Bank Withdrawal,56,56,0,54,39,150,Joined,Others,Others,1
